<?xml version="1.0" encoding="UTF-8" ?>
<!DOCTYPE mapper
        PUBLIC "-//mybatis.org//DTD Mapper 3.0//EN"
        "http://mybatis.org/dtd/mybatis-3-mapper.dtd">

<mapper namespace="mapper.mypage">
    <!-- 리절트 맵 정의 -->
    <resultMap id="orderGoodsResult" type="orderVO">

        <result property="order_seq_num" column="order_seq_num"/>
        <result property="order_id" column="order_id"/>
        <result property="goods_id" column="goods_id"/>
        <result property="goods_title" column="goods_title"/>
        <result property="goods_sales_price" column="goods_sales_price"/>
        <result property="goods_fileName" column="goods_fileName"/>
        <result property="goods_qty" column="goods_qty"/>
        <result property="delivery_state" column="delivery_state"/>


        <result property="member_id" column="member_id"/>
        <result property="orderer_hp" column="orderer_hp"/>

        <result property="receiver_name" column="receiver_name"/>
        <result property="receiver_hp1" column="receiver_hp1"/>

        <result property="zipcode" column="zipcode"/>
        <result property="address" column="address"/>
        <result property="subaddress" column="subaddress"/>

        <result property="delivery_address" column="delivery_address"/>

        <result property="pay_method" column="pay_method"/>
        <result property="card_com_name" column="card_com_name"/>
        <result property="pay_orderer_hp_num"
                column="pay_orderer_hp_num"/>
        <result property="card_pay_month" column="card_pay_month"/>
        <result property="pay_order_time" column="pay_order_time"/>

    </resultMap>


    <!--주문목록 -->
    <select id="selectMyOrderHistoryList"
            resultMap="orderGoodsResult" parameterType="java.util.Map">
	    <![CDATA[
        SELECT *
        FROM t_shopping_order
        WHERE member_id = #{member_id}
          AND DATE_FORMAT(pay_order_time, '%Y-%m-%d') BETWEEN #{beginDate} AND #{endDate}
        ORDER BY pay_order_time DESC
        ]]>
	</select>

    <!-- 주문취소 -->
    <update id="updateMyOrderCancel" parameterType="String">
        update
            t_shopping_order
        set delivery_state='cancel_order'
        where order_id = #{order_id}
    </update>

    <!-- 반품 -->
    <update id="updateMyOrderReturn" parameterType="String">
        update
            t_shopping_order
        set delivery_state='returning_goods'
        where order_id = #{order_id}
    </update>

    <!-- 교환 -->
    <update id="updateMyOrderExchange" parameterType="String">
        update
            t_shopping_order
        set delivery_state='exchange_goods'
        where order_id = #{order_id}
    </update>


    <!-- 내정보 -->
    <select id="selectMyDetailInfo" resultType="memberVO"
            parameterType="String">
	    <![CDATA[
        select *
        from t_shopping_member
        where member_id = #{member_id}
        ]]>
	</select>


    <!-- 내 정보 수정 -->
    <update id="updateMyInfo" parameterType="java.util.HashMap">
        update t_shopping_member
        set member_pw=#{member_pw},
            hp1=#{hp1},
            zipcode=#{zipcode},
            address=#{address},
            subaddress=#{subaddress}
        where member_id = #{member_id}
    </update>


    <!-- 회원탈퇴 -->
    <delete id="deleteMember" parameterType="String">
	    <![CDATA[
        delete from t_shopping_member
		where member_id = #{member_id}
        ]]>
	</delete>

</mapper>
