<?xml version="1.0" encoding="UTF-8" ?>
<!DOCTYPE tiles-definitions PUBLIC
       "-//Apache Software Foundation//DTD Tiles Configuration 2.0//EN"
       "http://tiles.apache.org/dtds/tiles-config_2_0.dtd">
<tiles-definitions>
<!-- 공통레이아웃 -->
	<definition name="baseLayout"
		template="/WEB-INF/views/common/layout.jsp">
		<put-attribute name="title" value="레이아웃 페이지" />
		<put-attribute name="header" value="/WEB-INF/views/common/header.jsp" />
		<put-attribute name="mypage" value="" />
		<put-attribute name="body" value="" />
		<put-attribute name="footer" value="/WEB-INF/views/common/footer.jsp" />
		<put-attribute name="quickMenu" value="/WEB-INF/views/common/quickMenu.jsp" />
	</definition>
	
	<!-- 회원가입/로그인용 레이아웃 -->
	<definition name="loginLayout"
		template="/WEB-INF/views/member/layout.jsp">
		<put-attribute name="title" value="레이아웃 페이지" />
		<put-attribute name="body" value="" />
		<put-attribute name="footer" value="/WEB-INF/views/common/footer.jsp" />
	</definition>
	
	<!-- 메인 -->
	<definition name="/main/main" extends="baseLayout">
		<put-attribute name="title" value="소팡!" />
		<put-attribute name="body" value="/WEB-INF/views/main/main.jsp" />
	</definition>
	
</tiles-definitions>


