<?xml version="1.0" encoding="UTF-8" ?>
<!DOCTYPE tiles-definitions PUBLIC
       "-//Apache Software Foundation//DTD Tiles Configuration 2.0//EN"
       "http://tiles.apache.org/dtds/tiles-config_2_0.dtd">
<tiles-definitions>
	  <definition name="/member/login" extends="loginLayout">
         <put-attribute name="title" value="로그인" />
         <put-attribute name="body" value="/WEB-INF/views/member/login.jsp" />
      </definition>  
      
      <definition name="/member/join" extends="loginLayout">
         <put-attribute name="title" value="회원가입" />
         <put-attribute name="body" value="/WEB-INF/views/member/join.jsp" />
      </definition>
  
</tiles-definitions>


