<?xml version="1.0" encoding="UTF-8" ?>
<!DOCTYPE tiles-definitions PUBLIC
       "-//Apache Software Foundation//DTD Tiles Configuration 2.0//EN"
       "http://tiles.apache.org/dtds/tiles-config_2_0.dtd">
<tiles-definitions>
    <definition name="/order/orderEachGoods" extends="baseLayout">
       <put-attribute name="title" value="상품 주문 페이지" />
       <put-attribute name="mypage" value="/WEB-INF/views/mypage/layout.jsp" />
       <put-attribute name="body" value="/WEB-INF/views/order/orderGoodsForm.jsp" />
    </definition>
    
    <definition name="/order/orderAllCartGoods" extends="baseLayout">
       <put-attribute name="title" value="상품 주문 페이지" />
       <put-attribute name="mypage" value="/WEB-INF/views/mypage/layout.jsp" />
       <put-attribute name="body" value="/WEB-INF/views/order/orderGoodsForm.jsp" />
    </definition> 
    
      <definition name="/order/payFail" extends="baseLayout">
       <put-attribute name="title" value="상품 결제 실패 페이지" />
       <put-attribute name="mypage" value="/WEB-INF/views/mypage/layout.jsp" />
       <put-attribute name="body" value="/WEB-INF/views/order/orderGoodsFail.jsp" />
    </definition>
    
</tiles-definitions>


