<?xml version="1.0" encoding="UTF-8" ?>
<!DOCTYPE configuration 	PUBLIC "-//mybatis.org//DTD Config 3.0//EN"
	"http://mybatis.org/dtd/mybatis-3-config.dtd">

<configuration>
  <typeAliases>
    <typeAlias type="com.standout.sopang.goods.vo.GoodsVO" alias="goodsVO" />
    
    <typeAlias type="com.standout.sopang.goods.vo.ImageFileVO" alias="imageFileVO" />

    <typeAlias type="com.standout.sopang.member.vo.MemberVO" alias="memberVO" />
     
    <typeAlias type="com.standout.sopang.cart.vo.CartVO" alias="cartVO" />
 
    <typeAlias type="com.standout.sopang.order.vo.OrderVO" alias="orderVO" />

    <typeAlias type="com.standout.sopang.mypage.vo.MyPageVO" alias="mypageVO" />

    <typeAlias type="com.standout.sopang.springex.domain.TodoVO" alias="todoVO" />

  </typeAliases>
</configuration>



