<?xml version="1.0" encoding="UTF-8"?>
<beans:beans xmlns="http://www.springframework.org/schema/mvc"
	xmlns:xsi="http://www.w3.org/2001/XMLSchema-instance"
	xmlns:beans="http://www.springframework.org/schema/beans"
	xmlns:context="http://www.springframework.org/schema/context"
	xmlns:mvc="http://www.springframework.org/schema/mvc"
	xsi:schemaLocation="http://www.springframework.org/schema/mvc http://www.springframework.org/schema/mvc/spring-mvc.xsd
		http://www.springframework.org/schema/beans http://www.springframework.org/schema/beans/spring-beans.xsd
		http://www.springframework.org/schema/context http://www.springframework.org/schema/context/spring-context.xsd">

	<!-- DispatcherServlet Context: defines this servlet's request-processing infrastructure -->
	
	<!-- Enables the Spring MVC @Controller programming model -->
	<annotation-driven />

	<!-- Handles HTTP GET requests for /resources/** by efficiently serving up static resources in the ${webappRoot}/resources directory -->
	<resources mapping="/resources/**" location="/resources/" />
	<!-- Resolves views selected for rendering by @Controllers to .jsp resources in the /WEB-INF/views directory -->
<beans:bean id="tilesConfigurer" class="org.springframework.web.servlet.view.tiles2.TilesConfigurer">
	<beans:property name="definitions">
		<beans:list>
			<beans:value>classpath:tiles/*.xml</beans:value>
		</beans:list>
	</beans:property>
	<beans:property name="preparerFactoryClass" value="org.springframework.web.servlet.view.tiles2.SpringBeanPreparerFactory"/>
</beans:bean>

<beans:bean id="viewResolver" class="org.springframework.web.servlet.view.UrlBasedViewResolver"> 
	<beans:property name="viewClass" value="org.springframework.web.servlet.view.tiles2.TilesView"/> 
</beans:bean>
	<beans:bean class="org.springframework.web.servlet.view.InternalResourceViewResolver">
		<beans:property name="prefix" value="/WEB-INF/views/"></beans:property>
		<beans:property name="suffix" value=".jsp"></beans:property>
	</beans:bean>


	<context:component-scan base-package="com.standout.sopang" />

	<mvc:interceptors>
  <mvc:interceptor>
    <mvc:mapping path="/*/*"/>
    <mvc:mapping path="/*/*/*"/>
      <beans:bean class="com.standout.sopang.common.interceptor.ViewNameInterceptor" />
<!--	  인터셉터 이름바꾸고 -->
  </mvc:interceptor>
 </mvc:interceptors>

 	<!-- 멀티파트 리졸버 -->
    <beans:bean id="multipartResolver"  class="org.springframework.web.multipart.commons.CommonsMultipartResolver">
       <beans:property name="maxUploadSize" value="52428800" />
       <beans:property name="maxInMemorySize" value="52428800" />
       <beans:property name="defaultEncoding" value="utf-8" />
    </beans:bean>
	
 
</beans:beans>
